{
  "users": [
    {
      "name": "Saurabh Kumar",
      "email": "sau4478@gmail.con",
      "password": "Saurabh@5740",
      "account": {
        "cart": [],
        "orders": [
          {
            "id": 4,
            "image": "https://img.shop.com/Image/280000/282000/282022/products/1954593897.jpg?plain&size=600x600",
            "price": 88.99,
            "delivery": "+0.99 /2 %",
            "name": "SASHA – Double Stud Set",
            "ratings": 5,
            "category": "jewelry",
            "quantity": 4,
            "address": "Saurabh kumar, flat no 91 , P and T colony, khajuri  , vns, Varanasi, UTTAR PRADESH, India, 221002, +916393567935"
          },
          {
            "id": 9,
            "name": "Nike Mercurial Superfly 7 Pro MDS FG",
            "category": "shoes",
            "delivery": "+0.99 /2 %",
            "price": 137,
            "ratings": 3,
            "image": "https://static.nike.com/a/images/c_limit,w_592,f_auto/t_product_v1/i1-a52a8aec-22dc-4982-961b-75c5f4c72805/mercurial-superfly-7-pro-mds-fg-firm-ground-soccer-cleat-mhcpdN.jpg",
            "quantity": 2,
            "address": "Saurabh kumar, flat no 91 , P and T colony, khajuri  , vns, Varanasi, UTTAR PRADESH, India, 221002, +916393567935"
          },
          {
            "id": 5,
            "name": "Nike Mercurial Vapor 13 Elite FG",
            "category": "shoes",
            "delivery": "+0.99 /2 %",
            "price": 250,
            "ratings": 3,
            "image": "https://static.nike.com/a/images/c_limit,w_592,f_auto/t_product_v1/9dda6202-e2ff-4711-9a09-0fcb7d90c164/mercurial-vapor-13-elite-fg-firm-ground-soccer-cleat-14MsF2.jpg",
            "quantity": 1,
            "address": "Saurabh kumar, flat no 91 , P and T colony, khajuri  , vns, Varanasi, UTTAR PRADESH, India, 221002, +916393567935"
          },
          {
            "id": 2,
            "name": "Nike React Miler",
            "category": "shoes",
            "delivery": "+0.99 /2 %",
            "price": 130,
            "ratings": 3,
            "image": "https://static.nike.com/a/images/c_limit,w_592,f_auto/t_product_v1/i1-5cc7de3b-2afc-49c2-a1e4-0508997d09e6/react-miler-mens-running-shoe-DgF6nr.jpg",
            "quantity": 2,
            "address": "Saurabh kumar, flat no 91 , P and T colony, khajuri  , vns, Varanasi, UTTAR PRADESH, India, 221002, +916393567935"
          },
          {
            "id": 39,
            "name": "Tênis VR Caminhada Confortável Detalhes Couro Masculino",
            "price": 139.9,
            "image": "https://rocketseat-cdn.s3-sa-east-1.amazonaws.com/modulo-redux/tenis2.jpg",
            "category": "shoes",
            "delivery": "+0.99 /2 %",
            "ratings": 4,
            "quantity": 1,
            "address": "Saurabh kumar, flat no 91 , P and T colony, khajuri  , vns, Varanasi, UTTAR PRADESH, India, 221002, +916393567935"
          },
          {
            "id": 38,
            "name": "Tênis Adidas Duramo Lite 2.0",
            "price": 219.9,
            "image": "https://rocketseat-cdn.s3-sa-east-1.amazonaws.com/modulo-redux/tenis3.jpg",
            "category": "shoes",
            "delivery": "+0.99 /2 %",
            "ratings": 5,
            "quantity": 1,
            "address": "Saurabh kumar, flat no 91 , P and T colony, khajuri  , vns, Varanasi, UTTAR PRADESH, India, 221002, +916393567935"
          },
          {
            "id": 39,
            "name": "Tênis VR Caminhada Confortável Detalhes Couro Masculino",
            "price": 139.9,
            "image": "https://rocketseat-cdn.s3-sa-east-1.amazonaws.com/modulo-redux/tenis2.jpg",
            "category": "shoes",
            "delivery": "+0.99 /2 %",
            "ratings": 4,
            "quantity": 3,
            "address": "Saurabh kumar, flat no 91 , P and T colony, khajuri  , vns, Varanasi, UTTAR PRADESH, India, 221002, +916393567935"
          },
          {
            "id": 38,
            "name": "Tênis Adidas Duramo Lite 2.0",
            "price": 219.9,
            "image": "https://rocketseat-cdn.s3-sa-east-1.amazonaws.com/modulo-redux/tenis3.jpg",
            "category": "shoes",
            "delivery": "+0.99 /2 %",
            "ratings": 5,
            "quantity": 12,
            "address": "Saurabh kumar, flat no 91 , P and T colony, khajuri  , vns, Varanasi, UTTAR PRADESH, India, 221002, +916393567935"
          },
          {
            "id": 5,
            "name": "Nike Mercurial Vapor 13 Elite FG",
            "category": "shoes",
            "delivery": "+0.99 /2 %",
            "price": 250,
            "ratings": 3,
            "image": "https://static.nike.com/a/images/c_limit,w_592,f_auto/t_product_v1/9dda6202-e2ff-4711-9a09-0fcb7d90c164/mercurial-vapor-13-elite-fg-firm-ground-soccer-cleat-14MsF2.jpg",
            "quantity": 6,
            "address": "Saurabh kumar, flat no 91 , P and T colony, khajuri  , vns, Varanasi, UTTAR PRADESH, India, 221002, +916393567935"
          },
          {
            "id": 4,
            "name": "Nike Joyride Run Flyknit",
            "category": "shoes",
            "delivery": "+0.99 /2 %",
            "price": 180,
            "ratings": 3,
            "image": "https://static.nike.com/a/images/c_limit,w_592,f_auto/t_product_v1/99a7d3cb-e40c-4474-91c2-0f2e6d231fd2/joyride-run-flyknit-womens-running-shoe-HcfnJd.jpg",
            "quantity": 5,
            "address": "Saurabh kumar, flat no 91 , P and T colony, khajuri  , vns, Varanasi, UTTAR PRADESH, India, 221002, +916393567935"
          },
          {
            "id": 6,
            "name": "Nike Phantom Vision Elite Dynamic Fit FG",
            "category": "shoes",
            "delivery": "+0.99 /2 %",
            "price": 150,
            "ratings": 3,
            "image": "https://static.nike.com/a/images/c_limit,w_592,f_auto/t_product_v1/s1amp7uosrn0nqpsxeue/phantom-vision-elite-dynamic-fit-fg-firm-ground-soccer-cleat-19Kv1V.jpg",
            "quantity": 4,
            "address": "Saurabh kumar, flat no 91 , P and T colony, khajuri  , vns, Varanasi, UTTAR PRADESH, India, 221002, +916393567935"
          },
          {
            "id": 9,
            "name": "Nike Mercurial Superfly 7 Pro MDS FG",
            "category": "shoes",
            "delivery": "+0.99 /2 %",
            "price": 137,
            "ratings": 3,
            "image": "https://static.nike.com/a/images/c_limit,w_592,f_auto/t_product_v1/i1-a52a8aec-22dc-4982-961b-75c5f4c72805/mercurial-superfly-7-pro-mds-fg-firm-ground-soccer-cleat-mhcpdN.jpg",
            "quantity": 5,
            "address": "Saurabh kumar, flat no 91 , P and T colony, khajuri  , vns, Varanasi, UTTAR PRADESH, India, 221002, +916393567935"
          },
          {
            "id": 10,
            "image": "https://img.shop.com/Image/280000/282000/282022/products/1954593898.jpg?plain&size=600x600",
            "price": 101,
            "delivery": "+0.99 /2 %",
            "name": "WINNIE - Sleek Ring Trio",
            "ratings": 4,
            "category": "jewelry",
            "quantity": 7,
            "address": "Saurabh kumar, flat no 91 , P and T colony, khajuri  , vns, Varanasi, UTTAR PRADESH, India, 221002, +916393567935"
          },
          {
            "id": 3,
            "image": "https://img.shop.com/Image/280000/282000/282022/products/1954593896.jpg?plain&size=600x600",
            "price": 95.99,
            "delivery": "+0.99 /2 %",
            "name": "EVA – Convertible Link Drop Earrings",
            "ratings": 3,
            "category": "jewelry",
            "quantity": 7,
            "address": "Saurabh kumar, flat no 91 , P and T colony, khajuri  , vns, Varanasi, UTTAR PRADESH, India, 221002, +916393567935"
          },
          {
            "id": 3,
            "image": "https://img.shop.com/Image/280000/282000/282022/products/1954593896.jpg?plain&size=600x600",
            "price": 95.99,
            "delivery": "+0.99 /2 %",
            "name": "EVA – Convertible Link Drop Earrings",
            "ratings": 3,
            "category": "jewelry",
            "quantity": 2,
            "address": "Saurabh kumar, flat no 91 , P and T colony, khajuri  , vns, Varanasi, UTTAR PRADESH, India, 221002, +916393567935"
          },
          {
            "id": 1,
            "name": "Clique Colorado Mens Jacket",
            "category": "clothes",
            "price": 155,
            "ratings": 1,
            "delivery": "+0.99 /2 %",
            "image": "https://img.shop.com/Image/290000/291600/291696/products/1939500271.jpg?plain&size=400x400",
            "quantity": 3,
            "address": "Saurabh kumar, flat no 91 , P and T colony, khajuri  , vns, Varanasi, UTTAR PRADESH, India, 221002, +916393567935"
          },
          {
            "id": 44,
            "name": "Silver Jeans Co. Mens Winter Cold Weather Coat",
            "category": "clothes",
            "price": 17.99,
            "ratings": 2,
            "delivery": "+0.99 /2 %",
            "image": "https://img.shop.com/Image/270000/273200/273200/products/1921024566.jpg?plain&size=400x400",
            "quantity": 3,
            "address": "Saurabh kumar, flat no 91 , P and T colony, khajuri  , vns, Varanasi, UTTAR PRADESH, India, 221002, +916393567935"
          },
          {
            "id": 43,
            "name": "Eddie Bauer Mens Puffer Cold Weather Down Coat",
            "category": "clothes",
            "price": 45.99,
            "ratings": 1,
            "delivery": "+0.99 /2 %",
            "image": "https://img.shop.com/Image/270000/273200/273200/products/1947363526.jpg?plain&size=400x400",
            "quantity": 1,
            "address": "Saurabh kumar, flat no 91 , P and T colony, khajuri  , vns, Varanasi, UTTAR PRADESH, India, 221002, +916393567935"
          },
          {
            "id": 39,
            "name": "Tênis VR Caminhada Confortável Detalhes Couro Masculino",
            "price": 139.9,
            "image": "https://rocketseat-cdn.s3-sa-east-1.amazonaws.com/modulo-redux/tenis2.jpg",
            "category": "shoes",
            "delivery": "+0.99 /2 %",
            "ratings": 4,
            "quantity": 5,
            "address": "Saurabh kumar, flat no 91 , P and T colony, khajuri  , vns, Varanasi, UTTAR PRADESH, India, 221002, +916393567935"
          }
        ]
      },
      "id": 1
    },
    {
      "name": "Saurabh kumar",
      "email": "sau4478@gmail.com",
      "password": "Saurabh@5740",
      "account": {
        "cart": [],
        "orders": [
          {
            "id": 40,
            "name": "Tênis de Caminhada Leve e muito Confortável Confortável",
            "price": 179.9,
            "image": "https://rocketseat-cdn.s3-sa-east-1.amazonaws.com/modulo-redux/tenis1.jpg",
            "category": "shoes",
            "delivery": "+0.99 /2 %",
            "ratings": 4,
            "quantity": 3,
            "address": "Saurabh kumar, flat no 91 , P and T colony, khajuri  , vns, Varanasi, UTTAR PRADESH, India, 221002, +916393567935"
          },
          {
            "id": 2,
            "name": "CBUK Men's All-Star Printed Half-Zip Jacket",
            "category": "clothes",
            "price": 65,
            "ratings": 3,
            "delivery": "+0.99 /2 %",
            "image": "https://img.shop.com/Image/290000/291600/291696/products/1940910031.jpg?plain&size=400x400",
            "quantity": 2,
            "address": "Saurabh kumar, flat no 91 , P and T colony, khajuri  , vns, Varanasi, UTTAR PRADESH, India, 221002, +916393567935"
          },
          {
            "id": 3,
            "name": "Nike Air Zoom Pegasus 37",
            "category": "shoes",
            "delivery": "+0.99 /2 %",
            "price": 120,
            "ratings": 3,
            "image": "https://static.nike.com/a/images/c_limit,w_592,f_auto/t_product_v1/i1-33b0a0a5-c171-46cc-ad20-04a768703e47/air-zoom-pegasus-37-womens-running-shoe-Jl0bDf.jpg",
            "quantity": 3,
            "address": "Saurabh kumar, flat no 91 , P and T colony, khajuri  , vns, Varanasi, UTTAR PRADESH, India, 221002, +916393567935"
          },
          {
            "id": 2,
            "name": "CBUK Men's All-Star Printed Half-Zip Jacket",
            "category": "clothes",
            "price": 65,
            "ratings": 3,
            "delivery": "+0.99 /2 %",
            "image": "https://img.shop.com/Image/290000/291600/291696/products/1940910031.jpg?plain&size=400x400",
            "quantity": 1,
            "address": "Saurabh kumar, flat no 91 , P and T colony, khajuri  , vns, Varanasi, UTTAR PRADESH, India, 221002, +916393567935"
          },
          {
            "id": 40,
            "name": "Tênis de Caminhada Leve e muito Confortável Confortável",
            "price": 179.61,
            "image": "https://rocketseat-cdn.s3-sa-east-1.amazonaws.com/modulo-redux/tenis1.jpg",
            "category": "shoes",
            "delivery": "+0.99 /2 %",
            "ratings": 3,
            "quantity": 5,
            "address": "Saurabh kumar, flat no 91 , P and T colony, khajuri  , vns, Varanasi, UTTAR PRADESH, India, 221002, +916393567935"
          },
          {
            "id": 9,
            "name": "Cutter & Buck Men's Shoreline Color Block Jacket",
            "category": "clothes",
            "price": 100,
            "ratings": 3,
            "delivery": "+0.99 /2 %",
            "image": "https://img.shop.com/Image/290000/291600/291696/products/1940910028.jpg?plain&size=400x400",
            "quantity": 3,
            "address": "Saurabh kumar, flat no 91 , P and T colony, khajuri  , vns, Varanasi, UTTAR PRADESH, India, 221002, +916393567935"
          }
        ]
      },
      "id": 2
    },
    {
      "name": "Saurabh kumar",
      "email": "saurabh@gamilcom",
      "password": "saurabh@5740",
      "account": {
        "cart": [],
        "orders": []
      },
      "id": 3
    },
    {
      "name": "Saurabh kumar",
      "email": "saurabh123@gmail.com",
      "password": "Saurabh@123",
      "account": {
        "cart": [],
        "orders": [
          {
            "id": 35,
            "name": "Tênis de Caminhada Leve Confortável",
            "price": 179.9,
            "image": "https://rocketseat-cdn.s3-sa-east-1.amazonaws.com/modulo-redux/tenis1.jpg",
            "category": "shoes",
            "delivery": "+0.99 /2 %",
            "ratings": 4,
            "quantity": 3,
            "address": "Saurabh kumar, flat no 91 , P and T colony, khajuri  , vns, Varanasi, UTTAR PRADESH, India, 221002, +916393567935"
          }
        ]
      },
      "id": 4
    },
    {
      "name": "Admin",
      "email": "admin@gmail.com",
      "password": "Saurabh@5740",
      "account": {
        "cart": [
          {
            "id": 4,
            "name": "Nike Joyride Run Flyknit",
            "category": "shoes",
            "delivery": "+0.99 /2 %",
            "price": 180,
            "ratings": 3,
            "image": "https://static.nike.com/a/images/c_limit,w_592,f_auto/t_product_v1/99a7d3cb-e40c-4474-91c2-0f2e6d231fd2/joyride-run-flyknit-womens-running-shoe-HcfnJd.jpg",
            "quantity": 1
          }
        ],
        "orders": []
      },
      "id": 5
    }
  ],
  "products": [
    {
      "id": "jewelry",
      "items": [
        {
          "id": 1,
          "image": "https://rocketseat-cdn.s3-sa-east-1.amazonaws.com/modulo-redux/tenis1.jpg",
          "price": 179.9,
          "delivery": "+0.99 /2 %",
          "name": "Tennis de Caminhada Leve e muito Confortável Confortável",
          "ratings": 2,
          "category": "jewelry"
        },
        {
          "id": 2,
          "image": "https://img.shop.com/Image/280000/282000/282022/products/1954593895.jpg?plain&size=600x600",
          "price": 90.99,
          "delivery": "+0.99 /2 %",
          "name": "CANDICE - Simulated Diamond Tennis Necklace",
          "ratings": 5,
          "category": "jewelry"
        },
        {
          "id": 3,
          "image": "https://img.shop.com/Image/280000/282000/282022/products/1954593896.jpg?plain&size=600x600",
          "price": 95.99,
          "delivery": "+0.99 /2 %",
          "name": "EVA – Convertible Link Drop Earrings",
          "ratings": 3,
          "category": "jewelry"
        },
        {
          "id": 4,
          "image": "https://img.shop.com/Image/280000/282000/282022/products/1954593897.jpg?plain&size=600x600",
          "price": 88.99,
          "delivery": "+0.99 /2 %",
          "name": "SASHA – Double Stud Set",
          "ratings": 5,
          "category": "jewelry"
        },
        {
          "id": 5,
          "image": "https://img.shop.com/Image/280000/282000/282022/products/1954593919.jpg?plain&size=600x600",
          "price": 49.99,
          "delivery": "+0.99 /2 %",
          "name": "LORENA – Dual Stud Chain Earrings",
          "ratings": 3,
          "category": "jewelry"
        },
        {
          "id": 6,
          "image": "https://img.shop.com/Image/280000/282000/282022/products/1954593818.jpg?plain&size=600x600",
          "price": 70.99,
          "delivery": "+0.99 /2 %",
          "name": "CANDICE - Simulated Diamond Tennis Bracelet",
          "ratings": 2,
          "category": "jewelry"
        },
        {
          "id": 7,
          "image": "https://img.shop.com/Image/280000/282000/282022/products/1954593899.jpg?plain&size=600x600",
          "price": 69.99,
          "delivery": "+0.99 /2 %",
          "name": "GABRIELLA - Simulated Diamond Tennis Bracelet",
          "ratings": 4,
          "category": "jewelry"
        },
        {
          "id": 8,
          "image": "https://img.shop.com/Image/280000/282000/282022/products/1954593918.jpg?plain&size=600x600",
          "price": 50,
          "delivery": "+0.99 /2 %",
          "name": "GENEVIEVE - Dual Stone Ring",
          "ratings": 4,
          "category": "jewelry"
        },
        {
          "id": 9,
          "image": "https://img.shop.com/Image/280000/282000/282022/products/1955444694.jpg?plain&size=600x600",
          "price": 100,
          "delivery": "+0.99 /2 %",
          "name": "JORDAN - Triple Stone Ring",
          "ratings": 5,
          "category": "jewelry"
        },
        {
          "id": 10,
          "image": "https://img.shop.com/Image/280000/282000/282022/products/1954593898.jpg?plain&size=600x600",
          "price": 101,
          "delivery": "+0.99 /2 %",
          "name": "WINNIE - Sleek Ring Trio",
          "ratings": 4,
          "category": "jewelry"
        }
      ]
    },
    {
      "id": "shoes",
      "items": [
        {
          "id": 40,
          "name": "adidas",
          "price": 179.9,
          "image": "https://rocketseat-cdn.s3-sa-east-1.amazonaws.com/modulo-redux/tenis1.jpg",
          "category": "shoes",
          "delivery": "+0.99 /2 %",
          "ratings": 3
        },
        {
          "id": 39,
          "name": "Tênis VR Caminhada Confortável Detalhes Couro Masculino",
          "price": 139.9,
          "image": "https://rocketseat-cdn.s3-sa-east-1.amazonaws.com/modulo-redux/tenis2.jpg",
          "category": "shoes",
          "delivery": "+0.99 /2 %",
          "ratings": 5
        },
        {
          "id": 38,
          "name": "Tênis Adidas Duramo Lite 2.0",
          "price": 219.9,
          "image": "https://rocketseat-cdn.s3-sa-east-1.amazonaws.com/modulo-redux/tenis3.jpg",
          "category": "shoes",
          "delivery": "+0.99 /2 %",
          "ratings": 5
        },
        {
          "id": 37,
          "name": "nike shoes",
          "price": 88.99,
          "image": "https://rocketseat-cdn.s3-sa-east-1.amazonaws.com/modulo-redux/tenis2.jpg",
          "category": "shoes",
          "delivery": "+0.99 /2 %",
          "ratings": 4
        },
        {
          "id": 36,
          "name": "Tênis Adidas Duramo Lite 2.0",
          "price": 219.9,
          "image": "https://rocketseat-cdn.s3-sa-east-1.amazonaws.com/modulo-redux/tenis3.jpg",
          "category": "shoes",
          "delivery": "+0.99 /2 %",
          "ratings": 2
        },
        {
          "id": 35,
          "name": "Tênis de Caminhada Leve Confortável",
          "price": 179.9,
          "image": "https://rocketseat-cdn.s3-sa-east-1.amazonaws.com/modulo-redux/tenis1.jpg",
          "category": "shoes",
          "delivery": "+0.99 /2 %",
          "ratings": 4
        },
        {
          "id": 1,
          "name": "Nike React Infinity Run Flyknit",
          "category": "shoes",
          "delivery": "+0.99 /2 %",
          "price": 160,
          "ratings": 3,
          "image": "https://static.nike.com/a/images/c_limit,w_592,f_auto/t_product_v1/i1-665455a5-45de-40fb-945f-c1852b82400d/react-infinity-run-flyknit-mens-running-shoe-zX42Nc.jpg"
        },
        {
          "id": 2,
          "name": "Nike React Miler",
          "category": "shoes",
          "delivery": "+0.99 /2 %",
          "price": 130,
          "ratings": 3,
          "image": "https://static.nike.com/a/images/c_limit,w_592,f_auto/t_product_v1/i1-5cc7de3b-2afc-49c2-a1e4-0508997d09e6/react-miler-mens-running-shoe-DgF6nr.jpg"
        },
        {
          "id": 3,
          "name": "Nike Air Zoom Pegasus 37",
          "category": "shoes",
          "delivery": "+0.99 /2 %",
          "price": 120,
          "ratings": 3,
          "image": "https://static.nike.com/a/images/c_limit,w_592,f_auto/t_product_v1/i1-33b0a0a5-c171-46cc-ad20-04a768703e47/air-zoom-pegasus-37-womens-running-shoe-Jl0bDf.jpg"
        },
        {
          "id": 4,
          "name": "Nike Joyride Run Flyknit",
          "category": "shoes",
          "delivery": "+0.99 /2 %",
          "price": 180,
          "ratings": 3,
          "image": "https://static.nike.com/a/images/c_limit,w_592,f_auto/t_product_v1/99a7d3cb-e40c-4474-91c2-0f2e6d231fd2/joyride-run-flyknit-womens-running-shoe-HcfnJd.jpg"
        },
        {
          "id": 5,
          "name": "Nike Mercurial Vapor 13 Elite FG",
          "category": "shoes",
          "delivery": "+0.99 /2 %",
          "price": 250,
          "ratings": 3,
          "image": "https://static.nike.com/a/images/c_limit,w_592,f_auto/t_product_v1/9dda6202-e2ff-4711-9a09-0fcb7d90c164/mercurial-vapor-13-elite-fg-firm-ground-soccer-cleat-14MsF2.jpg"
        },
        {
          "id": 6,
          "name": "Nike Phantom Vision Elite Dynamic Fit FG",
          "category": "shoes",
          "delivery": "+0.99 /2 %",
          "price": 150,
          "ratings": 3,
          "image": "https://static.nike.com/a/images/c_limit,w_592,f_auto/t_product_v1/s1amp7uosrn0nqpsxeue/phantom-vision-elite-dynamic-fit-fg-firm-ground-soccer-cleat-19Kv1V.jpg"
        },
        {
          "id": 7,
          "name": "Nike Phantom Venom Academy FG",
          "category": "shoes",
          "delivery": "+0.99 /2 %",
          "price": 80,
          "ratings": 3,
          "image": "https://static.nike.com/a/images/c_limit,w_592,f_auto/t_product_v1/whegph8z9ornhxklc8rp/phantom-venom-academy-fg-firm-ground-soccer-cleat-6JVNll.jpg"
        },
        {
          "id": 8,
          "name": "Nike Mercurial Vapor 13 Elite Tech Craft FG",
          "category": "shoes",
          "delivery": "+0.99 /2 %",
          "price": 145,
          "ratings": 3,
          "image": "https://static.nike.com/a/images/c_limit,w_592,f_auto/t_product_v1/vhbwnkor8sxt8qtecgia/mercurial-vapor-13-elite-tech-craft-fg-firm-ground-soccer-cleat-l38JPj.jpg"
        },
        {
          "id": 9,
          "name": "Nike Mercurial Superfly 7 Pro MDS FG",
          "category": "shoes",
          "delivery": "+0.99 /2 %",
          "price": 137,
          "ratings": 3,
          "image": "https://static.nike.com/a/images/c_limit,w_592,f_auto/t_product_v1/i1-a52a8aec-22dc-4982-961b-75c5f4c72805/mercurial-superfly-7-pro-mds-fg-firm-ground-soccer-cleat-mhcpdN.jpg"
        },
        {
          "id": 10,
          "name": "Nike Air Force 1",
          "category": "shoes",
          "delivery": "+0.99 /2 %",
          "price": 90,
          "ratings": 3,
          "image": "https://static.nike.com/a/images/t_PDP_864_v1/f_auto,b_rgb:f5f5f5/178b2a46-3ee4-492b-882e-f71efdd53a36/air-force-1-big-kids-shoe-2zqp8D.jpg"
        },
        {
          "id": 11,
          "name": "Nike Air Max 90",
          "category": "shoes",
          "delivery": "+0.99 /2 %",
          "price": 100,
          "ratings": 3,
          "image": "https://static.nike.com/a/images/c_limit,w_592,f_auto/t_product_v1/8439f823-86cf-4086-81d2-4f9ff9a66866/air-max-90-big-kids-shoe-1wzwJM.jpg"
        },
        {
          "id": 12,
          "name": "Nike Air Max 90 LTR",
          "category": "shoes",
          "delivery": "+0.99 /2 %",
          "price": 110,
          "ratings": 3,
          "image": "https://static.nike.com/a/images/c_limit,w_592,f_auto/t_product_v1/i1-620aeb37-1b28-44b0-9b14-5572f8cbc948/air-max-90-ltr-big-kids-shoe-hdNLQ5.jpg"
        },
        {
          "id": 13,
          "name": "Nike Joyride Dual Run",
          "category": "shoes",
          "delivery": "+0.99 /2 %",
          "price": 110,
          "ratings": 3,
          "image": "https://static.nike.com/a/images/t_PDP_864_v1/f_auto,b_rgb:f5f5f5/33888130-0320-41a1-ba53-a026decd8aa2/joyride-dual-run-big-kids-running-shoe-1HDJF8.jpg"
        },
        {
          "id": 14,
          "name": "Nike Renew Run",
          "category": "shoes",
          "delivery": "+0.99 /2 %",
          "price": 80,
          "ratings": 3,
          "image": "https://static.nike.com/a/images/c_limit,w_592,f_auto/t_product_v1/i1-73e54c0b-11a6-478b-9f90-bd97fcde872d/renew-run-big-kids-running-shoe-5Bpz93.jpg"
        },
        {
          "id": 19,
          "name": "Austin",
          "category": "shoes",
          "delivery": "+0.99 /2 %",
          "price": 75,
          "ratings": 2,
          "image": "https://cdn.shopify.com/s/files/1/0016/0074/9623/products/Austin-Coffee_800x800.jpg?v=1574772988"
        },
        {
          "id": 20,
          "name": "SS-HL-0135",
          "category": "shoes",
          "delivery": "+0.99 /2 %",
          "price": 30,
          "ratings": 5,
          "image": "https://cdn.shopify.com/s/files/1/0016/0074/9623/products/009240000-11-SS-HL-0135-Black_800x800.jpg?v=1572264270"
        },
        {
          "id": 21,
          "name": "SS-HL-0136",
          "category": "shoes",
          "delivery": "+0.99 /2 %",
          "price": 50,
          "ratings": 4,
          "image": "https://cdn.shopify.com/s/files/1/0016/0074/9623/products/009250000-779-SS-HL-0136-Coffee_800x800.jpg?v=1571900372"
        },
        {
          "id": 22,
          "name": "SS-HL-0128",
          "category": "shoes",
          "delivery": "+0.99 /2 %",
          "price": 35,
          "ratings": 3,
          "image": "https://cdn.shopify.com/s/files/1/0016/0074/9623/products/000300242-484-SS-HL-0128-Blue_800x800.jpg?v=1583235174"
        },
        {
          "id": 23,
          "name": "SS-MS-0075",
          "category": "shoes",
          "delivery": "+0.99 /2 %",
          "price": 25,
          "ratings": 4,
          "image": "https://cdn.shopify.com/s/files/1/0016/0074/9623/products/009170000-479-SS-MS-0075-Red_800x800.jpg?v=1570688687"
        },
        {
          "id": 25,
          "name": "SS-PM-0093",
          "category": "shoes",
          "delivery": "+0.99 /2 %",
          "price": 30,
          "ratings": 3,
          "image": "https://cdn.shopify.com/s/files/1/0016/0074/9623/products/SS-PM-0093_1_800x800.jpg?v=1570601253"
        },
        {
          "id": 26,
          "name": "Nizza X Disney",
          "category": "shoes",
          "delivery": "+0.99 /2 %",
          "price": 55,
          "ratings": 5,
          "image": "https://assets.adidas.com/images/h_320,f_auto,q_auto:sensitive,fl_lossy/ef901c7aeac042578eceab9d0159196c_9366/Nizza_x_Disney_Sport_Goofy_Shoes_White_FW0651_01_standard.jpg"
        },
        {
          "id": 27,
          "name": "X_PLR",
          "category": "shoes",
          "delivery": "+0.99 /2 %",
          "price": 65,
          "ratings": 5,
          "image": "https://assets.adidas.com/images/h_320,f_auto,q_auto:sensitive,fl_lossy/a36518227134495da766ab9d01772fa2_9366/X_PLR_Shoes_Red_FY9063_01_standard.jpg"
        },
        {
          "id": 28,
          "name": "Stan Smith",
          "category": "shoes",
          "delivery": "+0.99 /2 %",
          "price": 55,
          "ratings": 3,
          "image": "https://assets.adidas.com/images/h_320,f_auto,q_auto:sensitive,fl_lossy/d0720712d81e42b1b30fa80800826447_9366/Stan_Smith_Shoes_White_M20607_M20607_01_standard.jpg"
        },
        {
          "id": 29,
          "name": "NMD_R1",
          "category": "shoes",
          "delivery": "+0.99 /2 %",
          "price": 120,
          "ratings": 3,
          "image": "https://assets.adidas.com/images/h_320,f_auto,q_auto:sensitive,fl_lossy/99ca762cb9054caf82fbabc500fd146e_9366/NMD_R1_Shoes_Blue_FY9392_01_standard.jpg"
        },
        {
          "id": 30,
          "name": "NMD_R1 Flash Red",
          "category": "shoes",
          "delivery": "+0.99 /2 %",
          "price": 140,
          "ratings": 5,
          "image": "https://assets.adidas.com/images/h_320,f_auto,q_auto:sensitive,fl_lossy/90f85768e3894aeaab67aba0014a3379_9366/NMD_R1_Shoes_Red_FY9389_01_standard.jpg"
        },
        {
          "id": 31,
          "name": "Superstar",
          "category": "shoes",
          "delivery": "+0.99 /2 %",
          "price": 90,
          "ratings": 3,
          "image": "https://assets.adidas.com/images/h_320,f_auto,q_auto:sensitive,fl_lossy/12365dbc7c424288b7cdab4900dc7099_9366/Superstar_Shoes_White_FW3553_FW3553_01_standard.jpg"
        },
        {
          "id": 32,
          "name": "Club C Revenge Mens",
          "category": "shoes",
          "delivery": "+0.99 /2 %",
          "price": 70,
          "ratings": 3,
          "image": "https://assets.reebok.com/images/h_840,f_auto,q_auto:sensitive,fl_lossy/7599294868804d78a1b1ab6f01718a5e_9366/Club_C_Revenge_Men's_Shoes_White_FV9877_01_standard.jpg"
        },
        {
          "id": 33,
          "name": "SK80-Low",
          "category": "shoes",
          "delivery": "+0.99 /2 %",
          "price": 60,
          "ratings": 3,
          "image": "https://images.vans.com/is/image/Vans/UUK24I-HERO?$583x583$"
        },
        {
          "id": 34,
          "name": "Michael Feburary SK8-Hi",
          "category": "shoes",
          "delivery": "+0.99 /2 %",
          "price": 72,
          "ratings": 3,
          "image": "https://images.vans.com/is/image/Vans/MV122M-HERO?$583x583$"
        }
      ]
    },
    {
      "id": "clothes",
      "items": [
        {
          "id": 0,
          "name": "Clique Men's Hudson Jacket",
          "category": "clothes",
          "price": 80,
          "ratings": 1,
          "delivery": "+0.99 /2 %",
          "image": "https://img.shop.com/Image/290000/291600/291696/products/1940909956.jpg?plain&size=400x400"
        },
        {
          "id": 1,
          "name": "Clique Colorado Mens Jacket",
          "category": "clothes",
          "price": 155,
          "ratings": 1,
          "delivery": "+0.99 /2 %",
          "image": "https://img.shop.com/Image/290000/291600/291696/products/1939500271.jpg?plain&size=400x400"
        },
        {
          "id": 2,
          "name": "CBUK Men's All-Star Printed Half-Zip Jacket",
          "category": "clothes",
          "price": 65,
          "ratings": 3,
          "delivery": "+0.99 /2 %",
          "image": "https://img.shop.com/Image/290000/291600/291696/products/1940910031.jpg?plain&size=400x400"
        },
        {
          "id": 3,
          "name": "Clique Men's Helsa Sport Colorblock Full Zip Jacket",
          "category": "clothes",
          "price": 52.5,
          "ratings": 4,
          "delivery": "+0.99 /2 %",
          "image": "https://img.shop.com/Image/290000/291600/291696/products/1940910007.jpg?plain&size=400x400"
        },
        {
          "id": 4,
          "name": "Clique Men's Reliance Packable Jacket",
          "category": "clothes",
          "price": 35,
          "ratings": 1,
          "delivery": "+0.99 /2 %",
          "image": "https://img.shop.com/Image/290000/291600/291696/products/1940909955.jpg?plain&size=400x400"
        },
        {
          "id": 5,
          "name": "Cutter & Buck Men's Advantage Zip Mock Jacket",
          "category": "clothes",
          "price": 95,
          "ratings": 3,
          "delivery": "+0.99 /2 %",
          "image": "https://img.shop.com/Image/290000/291600/291696/products/1940910019.jpg?plain&size=400x400"
        },
        {
          "id": 6,
          "name": "Cutter & Buck Men's Coastal Shirt Jacket",
          "category": "clothes",
          "price": 135,
          "ratings": 2,
          "delivery": "+0.99 /2 %",
          "image": "https://img.shop.com/Image/290000/291600/291696/products/1940909980.jpg?plain&size=400x400"
        },
        {
          "id": 7,
          "name": "Cutter & Buck Men's Replay Half-Zip Jacket",
          "category": "clothes",
          "price": 105,
          "ratings": 4,
          "delivery": "+0.99 /2 %",
          "image": "https://img.shop.com/Image/290000/291600/291696/products/1940910015.jpg?plain&size=400x400"
        },
        {
          "id": 8,
          "name": "Cutter & Buck Men's Evergreen Reversible Overknit Jacket",
          "category": "clothes",
          "price": 115,
          "ratings": 1,
          "delivery": "+0.99 /2 %",
          "image": "https://img.shop.com/Image/290000/291600/291696/products/1940910052.jpg?plain&size=400x400"
        },
        {
          "id": 9,
          "name": "Cutter & Buck Men's Shoreline Color Block Jacket",
          "category": "clothes",
          "price": 100,
          "ratings": 3,
          "delivery": "+0.99 /2 %",
          "image": "https://img.shop.com/Image/290000/291600/291696/products/1940910028.jpg?plain&size=400x400"
        },
        {
          "id": 10,
          "name": "Cutter & Buck Men's Shaw Hybrid Half Zip Jacket",
          "category": "clothes",
          "price": 95,
          "ratings": 3,
          "delivery": "+0.99 /2 %",
          "image": "https://img.shop.com/Image/290000/291600/291696/products/1940910049.jpg?plain&size=400x400"
        },
        {
          "id": 11,
          "name": "Clique Men's Telemark Softshell Jacket",
          "category": "clothes",
          "price": 60,
          "ratings": 1,
          "delivery": "+0.99 /2 %",
          "image": "https://img.shop.com/Image/290000/291600/291696/products/1943601119.jpg?plain&size=400x400"
        },
        {
          "id": 12,
          "name": "Clique Men's Milford Jacket",
          "category": "clothes",
          "price": 105,
          "ratings": 2,
          "delivery": "+0.99 /2 %",
          "image": "https://img.shop.com/Image/290000/291600/291696/products/1940909954.jpg?plain&size=400x400"
        },
        {
          "id": 13,
          "name": "Cutter & Buck Rainier PrimaLoft® Mens Eco Insulated Quilted Shirt Jacket",
          "category": "clothes",
          "price": 185,
          "ratings": 4,
          "delivery": "+0.99 /2 %",
          "image": "https://img.shop.com/Image/290000/291600/291696/products/1949727227.jpg?plain&size=400x400"
        },
        {
          "id": 14,
          "name": "Cutter & Buck Rainier PrimaLoft® Mens Eco Insulated Full Zip Printed Puffer Jacket",
          "category": "clothes",
          "price": 210,
          "ratings": 1,
          "delivery": "+0.99 /2 %",
          "image": "https://img.shop.com/Image/290000/291600/291696/products/1939530740.jpg?plain&size=400x400"
        },
        {
          "id": 15,
          "name": "Cutter & Buck Men's Big & Tall Advantage Zip Mock Jacket",
          "category": "clothes",
          "price": 95,
          "ratings": 2,
          "delivery": "+0.99 /2 %",
          "image": "https://img.shop.com/Image/290000/291600/291696/products/1940910046.jpg?plain&size=400x400"
        },
        {
          "id": 16,
          "name": "Cutter & Buck Mens Altitude Quilted Jacket",
          "category": "clothes",
          "price": 180,
          "ratings": 3,
          "delivery": "+0.99 /2 %",
          "image": "https://img.shop.com/Image/290000/291600/291696/products/1939500318.jpg?plain&size=400x400"
        },
        {
          "id": 17,
          "name": "Clique Men's Fiery Hybrid Jacket",
          "category": "clothes",
          "price": 75,
          "ratings": 2,
          "delivery": "+0.99 /2 %",
          "image": "https://img.shop.com/Image/290000/291600/291696/products/1940909968.jpg?plain&size=400x400"
        },
        {
          "id": 18,
          "name": "CBUK Men's Swish Full-Zip Jacket",
          "category": "clothes",
          "price": 80,
          "ratings": 2,
          "delivery": "+0.99 /2 %",
          "image": "https://img.shop.com/Image/290000/291600/291696/products/1951836733.jpg?plain&size=400x400"
        },
        {
          "id": 19,
          "name": "Cutter & Buck Rainier PrimaLoft® Mens Eco Insulated Full Zip Puffer Jacket",
          "category": "clothes",
          "price": 200,
          "ratings": 4,
          "delivery": "+0.99 /2 %",
          "image": "https://img.shop.com/Image/290000/291600/291696/products/1949727220.jpg?plain&size=400x400"
        },
        {
          "id": 20,
          "name": "CBUK Men's Pop Fly Full Zip Jacket",
          "category": "clothes",
          "price": 70,
          "ratings": 3,
          "delivery": "+0.99 /2 %",
          "image": "https://img.shop.com/Image/290000/291600/291696/products/1939500276.jpg?plain&size=400x400"
        },
        {
          "id": 21,
          "name": "Clique Men's Ice Colorblock Half Zip Jacket",
          "category": "clothes",
          "price": 37.5,
          "ratings": 2,
          "delivery": "+0.99 /2 %",
          "image": "https://img.shop.com/Image/290000/291600/291696/products/1940909961.jpg?plain&size=400x400"
        },
        {
          "id": 22,
          "name": "Clique Men's Summit Microfleece Hybrid Full Zip Jacket",
          "category": "clothes",
          "price": 47.5,
          "ratings": 3,
          "delivery": "+0.99 /2 %",
          "image": "https://img.shop.com/Image/290000/291600/291696/products/1940909958.jpg?plain&size=400x400"
        },
        {
          "id": 23,
          "name": "CBUK Men's Skyridge Half Zip Jacket",
          "category": "clothes",
          "price": 60,
          "ratings": 3,
          "delivery": "+0.99 /2 %",
          "image": "https://img.shop.com/Image/290000/291600/291696/products/1939500281.jpg?plain&size=400x400"
        },
        {
          "id": 24,
          "name": "CBUK Men's Thaw Insulated Packable Pullover Jacket",
          "category": "clothes",
          "price": 95,
          "ratings": 1,
          "delivery": "+0.99 /2 %",
          "image": "https://img.shop.com/Image/290000/291600/291696/products/1951836767.jpg?plain&size=400x400"
        },
        {
          "id": 25,
          "name": "Cutter & Buck Men's Williams Half Zip Jacket",
          "category": "clothes",
          "price": 85,
          "ratings": 4,
          "delivery": "+0.99 /2 %",
          "image": "https://img.shop.com/Image/290000/291600/291696/products/1940910036.jpg?plain&size=400x400"
        },
        {
          "id": 26,
          "name": "Cutter & Buck Men's Coastal Half-Zip Jacket",
          "category": "clothes",
          "price": 110,
          "ratings": 3,
          "delivery": "+0.99 /2 %",
          "image": "https://img.shop.com/Image/290000/291600/291696/products/1951836689.jpg?plain&size=400x400"
        },
        {
          "id": 27,
          "name": "Clique Men's Modify Windbreaker",
          "category": "clothes",
          "price": 45,
          "ratings": 2,
          "delivery": "+0.99 /2 %",
          "image": "https://img.shop.com/Image/290000/291600/291696/products/1939500259.jpg?plain&size=400x400"
        },
        {
          "id": 28,
          "name": "Cutter & Buck Rainier PrimaLoft® Mens Eco Insulated Rainier Half Zip Popover Quilted Jacket",
          "category": "clothes",
          "price": 190,
          "ratings": 4,
          "delivery": "+0.99 /2 %",
          "image": "https://img.shop.com/Image/290000/291600/291696/products/1939500319.jpg?plain&size=400x400"
        },
        {
          "id": 29,
          "name": "Clique Men's Helsa Full Zip Jacket",
          "category": "clothes",
          "price": 67.5,
          "ratings": 4,
          "delivery": "+0.99 /2 %",
          "image": "https://img.shop.com/Image/290000/291600/291696/products/1940909949.jpg?plain&size=400x400"
        },
        {
          "id": 30,
          "name": "Clique Men's Helsa Half Zip Jacket",
          "category": "clothes",
          "price": 60,
          "ratings": 2,
          "delivery": "+0.99 /2 %",
          "image": "https://img.shop.com/Image/290000/291600/291696/products/1940909948.jpg?plain&size=400x400"
        },
        {
          "id": 31,
          "name": "Clique Men's Summit Half Zip Microfleece Jacket",
          "category": "clothes",
          "price": 45,
          "ratings": 2,
          "delivery": "+0.99 /2 %",
          "image": "https://img.shop.com/Image/290000/291600/291696/products/1940910006.jpg?plain&size=400x400"
        },
        {
          "id": 32,
          "name": "Clique Men's Summit Full Zip Microfleece Jacket",
          "category": "clothes",
          "price": 50,
          "ratings": 3,
          "delivery": "+0.99 /2 %",
          "image": "https://img.shop.com/Image/290000/291600/291696/products/1940910032.jpg?plain&size=400x400"
        },
        {
          "id": 33,
          "name": "CBUK Men's Anderson Full Zip Jacket",
          "category": "clothes",
          "price": 65,
          "ratings": 3,
          "delivery": "+0.99 /2 %",
          "image": "https://img.shop.com/Image/290000/291600/291696/products/1939500283.jpg?plain&size=400x400"
        },
        {
          "id": 34,
          "name": "Clique Men's Stora Jacket",
          "category": "clothes",
          "price": 75,
          "ratings": 2,
          "delivery": "+0.99 /2 %",
          "image": "https://img.shop.com/Image/290000/291600/291696/products/1940910026.jpg?plain&size=400x400"
        },
        {
          "id": 35,
          "name": "Clique Men's Lemont Jacket",
          "category": "clothes",
          "price": 70,
          "ratings": 1,
          "delivery": "+0.99 /2 %",
          "image": "https://img.shop.com/Image/290000/291600/291696/products/1940910050.jpg?plain&size=400x400"
        },
        {
          "id": 36,
          "name": "Clique Men's Kingsland Jacket",
          "category": "clothes",
          "price": 77.5,
          "ratings": 2,
          "delivery": "+0.99 /2 %",
          "image": "https://img.shop.com/Image/290000/291600/291696/products/1940909957.jpg?plain&size=400x400"
        },
        {
          "id": 37,
          "name": "Clique Men's Narvik Colorblock Softshell Jacket",
          "category": "clothes",
          "price": 62.5,
          "ratings": 1,
          "delivery": "+0.99 /2 %",
          "image": "https://img.shop.com/Image/290000/291600/291696/products/1940909947.jpg?plain&size=400x400"
        },
        {
          "id": 38,
          "name": "Clique Men's Helsa Sport Colorblock Pullover Jacket",
          "category": "clothes",
          "price": 45,
          "ratings": 3,
          "delivery": "+0.99 /2 %",
          "image": "https://img.shop.com/Image/290000/291600/291696/products/1940909960.jpg?plain&size=400x400"
        },
        {
          "id": 39,
          "name": "CBUK Men's Jackson Half Zip Overknit Jacket",
          "category": "clothes",
          "price": 65,
          "ratings": 1,
          "delivery": "+0.99 /2 %",
          "image": "https://img.shop.com/Image/290000/291600/291696/products/1940909983.jpg?plain&size=400x400"
        },
        {
          "id": 40,
          "name": "Cutter & Buck Men's CB DryTec Edge Half Zip Jacket",
          "category": "clothes",
          "price": 100,
          "ratings": 2,
          "delivery": "+0.99 /2 %",
          "image": "https://img.shop.com/Image/290000/291600/291696/products/1940910037.jpg?plain&size=400x400"
        },
        {
          "id": 41,
          "name": "Clique Men's Tulsa Jacket",
          "category": "clothes",
          "price": 90,
          "ratings": 4,
          "delivery": "+0.99 /2 %",
          "image": "https://img.shop.com/Image/290000/291600/291696/products/1940910005.jpg?plain&size=400x400"
        },
        {
          "id": 42,
          "name": "Clique Men's Trail Softshell Jacket",
          "category": "clothes",
          "price": 55,
          "ratings": 2,
          "delivery": "+0.99 /2 %",
          "image": "https://img.shop.com/Image/290000/291600/291696/products/1940909945.jpg?plain&size=400x400"
        },
        {
          "id": 43,
          "name": "Eddie Bauer Mens Puffer Cold Weather Down Coat",
          "category": "clothes",
          "price": 45.99,
          "ratings": 1,
          "delivery": "+0.99 /2 %",
          "image": "https://img.shop.com/Image/270000/273200/273200/products/1947363526.jpg?plain&size=400x400"
        },
        {
          "id": 44,
          "name": "Silver Jeans Co. Mens Winter Cold Weather Coat",
          "category": "clothes",
          "price": 17.99,
          "ratings": 2,
          "delivery": "+0.99 /2 %",
          "image": "https://img.shop.com/Image/270000/273200/273200/products/1921024566.jpg?plain&size=400x400"
        },
        {
          "id": 45,
          "name": "Roundtree & Yorke Mens Big & Tall Light Weight Winter Coat",
          "category": "clothes",
          "price": 31.99,
          "ratings": 4,
          "delivery": "+0.99 /2 %",
          "image": "https://img.shop.com/Image/270000/273200/273200/products/1915813162.jpg?plain&size=400x400"
        },
        {
          "id": 46,
          "name": "32 Degrees Heat by Weatherproof Mens Puffer Quick Dry Outerwear Vest",
          "category": "clothes",
          "price": 8.99,
          "ratings": 3,
          "delivery": "+0.99 /2 %",
          "image": "https://img.shop.com/Image/270000/273200/273200/products/1938961547.jpg?plain&size=400x400"
        },
        {
          "id": 47,
          "name": "Dolce & Gabbana Brown Leather Long Trench Coat Men Men's Jacket",
          "category": "clothes",
          "price": 100.1,
          "ratings": 1,
          "delivery": "+0.99 /2 %",
          "image": "https://img.shop.com/Image/290000/290400/290461/products/1942892769.jpg?plain&size=400x400"
        },
        {
          "id": 48,
          "name": "Chaps Mens Car Pea Coat, Style # KF4C4127JK",
          "category": "clothes",
          "price": 115.05,
          "ratings": 1,
          "delivery": "+0.99 /2 %",
          "image": "https://img.shop.com/Image/250000/253200/253251/products/1938908596.jpg?plain&size=400x400"
        },
        {
          "id": 49,
          "name": "Calvin Klein Mens Sherpa Trim Leather Jacket, Style # 40J1070",
          "category": "clothes",
          "price": 509.42,
          "ratings": 1,
          "delivery": "+0.99 /2 %",
          "image": "https://img.shop.com/Image/250000/253200/253251/products/1938909214.jpg?plain&size=400x400"
        },
        {
          "id": 50,
          "name": "Michael Kors Mens Burnished Leather Jacket, Style # CS98CDX4LM",
          "category": "clothes",
          "price": 425.57,
          "ratings": 2,
          "delivery": "+0.99 /2 %",
          "image": "https://img.shop.com/Image/250000/253200/253251/products/1938891059.jpg?plain&size=400x400"
        },
        {
          "id": 51,
          "name": "Calvin Klein Mens Wool Pea Coat, Style # 40J1021",
          "category": "clothes",
          "price": 208,
          "ratings": 4,
          "delivery": "+0.99 /2 %",
          "image": "https://img.shop.com/Image/250000/253200/253251/products/1938887648.jpg?plain&size=400x400"
        },
        {
          "id": 52,
          "name": "Calvin Klein Mens Suede Leather Jacket, Style # 40YM501",
          "category": "clothes",
          "price": 424.99,
          "ratings": 2,
          "delivery": "+0.99 /2 %",
          "image": "https://img.shop.com/Image/250000/253200/253251/products/1938908372.jpg?plain&size=400x400"
        },
        {
          "id": 53,
          "name": "Kenneth Cole Mens LS Pea Coat, Style # SR4H8002",
          "category": "clothes",
          "price": 179.2,
          "ratings": 1,
          "delivery": "+0.99 /2 %",
          "image": "https://img.shop.com/Image/250000/253200/253251/products/1938895823.jpg?plain&size=400x400"
        },
        {
          "id": 54,
          "name": "Lauren Ralph Lauren Mens Wool Blend Double-Breasted Pea Coat",
          "category": "clothes",
          "price": 157.5,
          "ratings": 1,
          "delivery": "+0.99 /2 %",
          "image": "https://img.shop.com/Image/270000/273200/273200/products/1946210746.jpg?plain&size=400x400"
        },
        {
          "id": 55,
          "name": "Lauren Ralph Lauren Mens Wool Blend Topper Pea Coat",
          "category": "clothes",
          "price": 213.75,
          "ratings": 3,
          "delivery": "+0.99 /2 %",
          "image": "https://img.shop.com/Image/270000/273200/273200/products/1947363387.jpg?plain&size=400x400"
        },
        {
          "id": 56,
          "name": "Nautica Men's Three-Button Pea Coat",
          "category": "clothes",
          "price": 74.99,
          "ratings": 4,
          "delivery": "+0.99 /2 %",
          "image": "https://img.shop.com/Image/240000/243400/243406/products/1718197845.jpg?plain&size=400x400"
        },
        {
          "id": 57,
          "name": "J.M. Haggar Mens Wool Blend Water Repellent Field Coat",
          "category": "clothes",
          "price": 30.99,
          "ratings": 1,
          "delivery": "+0.99 /2 %",
          "image": "https://img.shop.com/Image/270000/273200/273200/products/1905708722.jpg?plain&size=400x400"
        },
        {
          "id": 58,
          "name": "Johnston & Murphy Mens Faux Fur Trim Utility Parka Coat",
          "category": "clothes",
          "price": 27.99,
          "ratings": 1,
          "delivery": "+0.99 /2 %",
          "image": "https://img.shop.com/Image/270000/273200/273200/products/1946210651.jpg?plain&size=400x400"
        },
        {
          "id": 59,
          "name": "Levi's Water Less Mens Big Midweight Denim Jacket, Large Tall , Blue",
          "category": "clothes",
          "price": 89.5,
          "ratings": 1,
          "delivery": "+0.99 /2 %",
          "image": "https://img.shop.com/Image/270000/274900/274929/products/1947059414.jpg?plain&size=400x400"
        }
      ]
    },
    {
      "id": "beauty",
      "items": [
        {
          "id": 0,
          "name": "Royal Spa® Royal Pouf",
          "category": "beauty",
          "price": 2,
          "ratings": 1,
          "delivery": "+0.99 /2 %",
          "image": "https://img.shop.com/Image/240000/243300/243388/products/559053502.jpg?plain&size=400x400"
        },
        {
          "id": 1,
          "name": "Desert Essence 184802 6.7 oz Nourish Salt & Sugar Body Scrub - 36 Per Case",
          "category": "beauty",
          "price": 15.54,
          "ratings": 3,
          "delivery": "+0.99 /2 %",
          "image": "https://img.shop.com/Image/270000/273400/273475/products/1757000425.jpg?plain&size=400x400"
        },
        {
          "id": 2,
          "name": "Earth Therapeutics Loofah - Super - Exfoliating - Bath Mitt - 1 Count",
          "category": "beauty",
          "price": 11.81,
          "ratings": 2,
          "delivery": "+0.99 /2 %",
          "image": "https://img.shop.com/Image/260000/262400/262457/products/1449795769.jpg?plain&size=400x400"
        },
        {
          "id": 3,
          "name": "Earth Therapeutics Loofah - Super - Exfoliating - Mesh Sponge - 1 Count",
          "category": "beauty",
          "price": 9.4,
          "ratings": 1,
          "delivery": "+0.99 /2 %",
          "image": "https://img.shop.com/Image/260000/262400/262457/products/1449799829.jpg?plain&size=400x400"
        },
        {
          "id": 4,
          "name": "Earth Therapeutics Loofah Sisal Bath Mitt",
          "category": "beauty",
          "price": 6.95,
          "ratings": 3,
          "delivery": "+0.99 /2 %",
          "image": "https://img.shop.com/Image/260000/266800/266829/products/1869485698.jpg?plain&size=400x400"
        },
        {
          "id": 5,
          "name": "Earth Therapeutics Body Sponge - Purifying Vegetable - Medicinal Charcoal - 1 Count",
          "category": "beauty",
          "price": 11.45,
          "ratings": 3,
          "delivery": "+0.99 /2 %",
          "image": "https://img.shop.com/Image/260000/262400/262457/products/1449795321.jpg?plain&size=400x400"
        },
        {
          "id": 6,
          "name": "UNWASH by Unwash , OVERNIGHT HAIR MASQUE 5.1 OZ AND SHOWER CAP",
          "category": "beauty",
          "price": 24.19,
          "ratings": 3,
          "delivery": "+0.99 /2 %",
          "image": "https://img.shop.com/Image/260000/262100/262191/products/1852105349.jpg?plain&size=400x400"
        },
        {
          "id": 7,
          "name": "Earth Therapeutics Loofah - Super - Exfoliating - Body Sponge - 1 Count",
          "category": "beauty",
          "price": 12.07,
          "ratings": 2,
          "delivery": "+0.99 /2 %",
          "image": "https://img.shop.com/Image/260000/262400/262457/products/1449844832.jpg?plain&size=400x400"
        },
        {
          "id": 8,
          "name": "Earth Therapeutics Loofah - Super - Exfoliating - Wash Cloth - 1 Count",
          "category": "beauty",
          "price": 19.11,
          "ratings": 2,
          "delivery": "+0.99 /2 %",
          "image": "https://img.shop.com/Image/260000/262400/262457/products/1449843494.jpg?plain&size=400x400"
        },
        {
          "id": 9,
          "name": "Beauty by Earth Konjac Body Sponge",
          "category": "beauty",
          "price": 39.41,
          "ratings": 4,
          "delivery": "+0.99 /2 %",
          "image": "https://img.shop.com/Image/240000/248300/248358/products/1958566838.jpg?plain&size=400x400"
        },
        {
          "id": 10,
          "name": "Earth Therapeutics Back Brush Ergo-form Far Reaching - 1 Brush",
          "category": "beauty",
          "price": 21.15,
          "ratings": 3,
          "delivery": "+0.99 /2 %",
          "image": "https://img.shop.com/Image/260000/262400/262457/products/1760693380.jpg?plain&size=400x400"
        },
        {
          "id": 11,
          "name": "Earth Therapeutics Exfoliating Body Sponge - 1 Sponge",
          "category": "beauty",
          "price": 12.74,
          "ratings": 1,
          "delivery": "+0.99 /2 %",
          "image": "https://img.shop.com/Image/260000/262400/262457/products/1449831727.jpg?plain&size=400x400"
        },
        {
          "id": 12,
          "name": "Earth Therapeutics Pink Hydro Body Sponge - Pack",
          "category": "beauty",
          "price": 7.13,
          "ratings": 3,
          "delivery": "+0.99 /2 %",
          "image": "https://img.shop.com/Image/260000/262400/262457/products/1449840444.jpg?plain&size=400x400"
        },
        {
          "id": 13,
          "name": "Earth Therapeutics Natural Body Brush - 1 Brush",
          "category": "beauty",
          "price": 16.33,
          "ratings": 3,
          "delivery": "+0.99 /2 %",
          "image": "https://img.shop.com/Image/260000/262400/262457/products/1449836688.jpg?plain&size=400x400"
        },
        {
          "id": 14,
          "name": "Earth Therapeutics Loofah Body Scrubber - 1 Loofah",
          "category": "beauty",
          "price": 9.63,
          "ratings": 3,
          "delivery": "+0.99 /2 %",
          "image": "https://img.shop.com/Image/260000/262400/262457/products/1450623289.jpg?plain&size=400x400"
        },
        {
          "id": 15,
          "name": "Earth Therapeutics Loofah Complexion Pad - 1 Pad",
          "category": "beauty",
          "price": 9.97,
          "ratings": 2,
          "delivery": "+0.99 /2 %",
          "image": "https://img.shop.com/Image/260000/262400/262457/products/1449809896.jpg?plain&size=400x400"
        },
        {
          "id": 16,
          "name": "Gojo 095504 Natural Orange Pumice Hand Cleaner, 4 Pump Bottles (GOJ095504CT)",
          "category": "beauty",
          "price": 97.77,
          "ratings": 1,
          "delivery": "+0.99 /2 %",
          "image": "https://img.shop.com/Image/280000/280200/280214/products/1830162403.jpg?plain&size=400x400"
        },
        {
          "id": 17,
          "name": "Lettia Body Brush Plastic Back",
          "category": "beauty",
          "price": 31.3,
          "ratings": 2,
          "delivery": "+0.99 /2 %",
          "image": "https://img.shop.com/Image/260000/262100/262191/products/1952748179.png?plain&size=400x400"
        },
        {
          "id": 18,
          "name": "Bath Accessories Body Smoothing Teardrop Sponge, White, X-Large",
          "category": "beauty",
          "price": 18.47,
          "ratings": 1,
          "delivery": "+0.99 /2 %",
          "image": "https://img.shop.com/Image/260000/262100/262191/products/1829291338.jpg?plain&size=400x400"
        },
        {
          "id": 19,
          "name": "Earth Therapeutics Loofah Bath Pad - 1 Pad",
          "category": "beauty",
          "price": 10.86,
          "ratings": 1,
          "delivery": "+0.99 /2 %",
          "image": "https://img.shop.com/Image/260000/262400/262457/products/1449828088.jpg?plain&size=400x400"
        },
        {
          "id": 20,
          "name": "Earth Therapeutics Tampico Vegetable Fiber Skin Brush - 1 Brush",
          "category": "beauty",
          "price": 13.94,
          "ratings": 3,
          "delivery": "+0.99 /2 %",
          "image": "https://img.shop.com/Image/260000/262400/262457/products/1449802041.jpg?plain&size=400x400"
        },
        {
          "id": 21,
          "name": "Bath Accessories Wool Sponge, 3-4 Inch",
          "category": "beauty",
          "price": 26.94,
          "ratings": 3,
          "delivery": "+0.99 /2 %",
          "image": "https://img.shop.com/Image/260000/262100/262191/products/1842593607.jpg?plain&size=400x400"
        },
        {
          "id": 22,
          "name": "Bath Accessories Curved Pumice Stone",
          "category": "beauty",
          "price": 16.54,
          "ratings": 2,
          "delivery": "+0.99 /2 %",
          "image": "https://img.shop.com/Image/260000/262100/262191/products/1838455789.jpg?plain&size=400x400"
        },
        {
          "id": 23,
          "name": "Earth Therapeutics Loofah - Super - Body Scrubber - Green - 1 Count",
          "category": "beauty",
          "price": 11.08,
          "ratings": 1,
          "delivery": "+0.99 /2 %",
          "image": "https://img.shop.com/Image/260000/262400/262457/products/1449796970.jpg?plain&size=400x400"
        },
        {
          "id": 24,
          "name": "Earth Therapeutics Loofah Complexion Pads - 3 Pads - Case Of 12",
          "category": "beauty",
          "price": 41.72,
          "ratings": 4,
          "delivery": "+0.99 /2 %",
          "image": "https://img.shop.com/Image/260000/262400/262457/products/1760691519.jpg?plain&size=400x400"
        },
        {
          "id": 25,
          "name": "White Exfoliating Gloves Polish Spa exfoliate Skin exfoliator Bath Body polishing Pair New",
          "category": "beauty",
          "price": 15.42,
          "ratings": 4,
          "delivery": "+0.99 /2 %",
          "image": "https://img.shop.com/Image/260000/262100/262191/products/1882491529.jpg?plain&size=400x400"
        },
        {
          "id": 26,
          "name": "Eco Tool Recycled Bath & Shower Gloves - Case Of 6 - 1 Pair",
          "category": "beauty",
          "price": 33.14,
          "ratings": 2,
          "delivery": "+0.99 /2 %",
          "image": "https://img.shop.com/Image/260000/262400/262457/products/1659216019.jpg?plain&size=400x400"
        },
        {
          "id": 27,
          "name": "Eco Tools Shower Cap - Case Of 4 - 1 Count",
          "category": "beauty",
          "price": 27.86,
          "ratings": 1,
          "delivery": "+0.99 /2 %",
          "image": "https://img.shop.com/Image/260000/262400/262457/products/1683295992.jpg?plain&size=400x400"
        },
        {
          "id": 28,
          "name": "Earth Therapeutics Hydro Body Sponge - Lavender - 1 Sponge",
          "category": "beauty",
          "price": 11,
          "ratings": 1,
          "delivery": "+0.99 /2 %",
          "image": "https://img.shop.com/Image/260000/262400/262457/products/1449838792.jpg?plain&size=400x400"
        },
        {
          "id": 29,
          "name": "Earth Therapeutics Hydro Body Sponge With Hand Strap White - 1 Sponge",
          "category": "beauty",
          "price": 9.63,
          "ratings": 2,
          "delivery": "+0.99 /2 %",
          "image": "https://img.shop.com/Image/260000/262400/262457/products/1449821254.jpg?plain&size=400x400"
        },
        {
          "id": 30,
          "name": "Earth Therapeutics Hydro Body Sponge With Hand Strap Natural - 1 Sponge",
          "category": "beauty",
          "price": 10.77,
          "ratings": 4,
          "delivery": "+0.99 /2 %",
          "image": "https://img.shop.com/Image/260000/262400/262457/products/1449831326.jpg?plain&size=400x400"
        },
        {
          "id": 31,
          "name": "Earth Therapeutics Terry Covered Bath Pillow Dark Green - 1 Pillow",
          "category": "beauty",
          "price": 14.73,
          "ratings": 2,
          "delivery": "+0.99 /2 %",
          "image": "https://img.shop.com/Image/260000/262400/262457/products/1760693383.jpg?plain&size=400x400"
        },
        {
          "id": 32,
          "name": "SPA ACCESSORIES by Spa Accessories BOUFFANT SHOWER CAP - LOVE for WOMEN 100% Authentic",
          "category": "beauty",
          "price": 110.55,
          "ratings": 3,
          "delivery": "+0.99 /2 %",
          "image": "https://img.shop.com/Image/280000/287900/287957/products/1938950132.jpg?plain&size=400x400"
        },
        {
          "id": 33,
          "name": "SPA ACCESSORIES by Spa Accessories BOUFFANT SHOWER CAP - LOVE for WOMEN 100% Authentic",
          "category": "beauty",
          "price": 27.23,
          "ratings": 1,
          "delivery": "+0.99 /2 %",
          "image": "https://img.shop.com/Image/280000/287900/287957/products/1890949607.jpg?plain&size=400x400"
        },
        {
          "id": 34,
          "name": "SPA ACCESSORIES by Spa Accessories BOUFFANT SHOWER CAP - LOVE for WOMEN And a Mystery Name brand sample vile",
          "category": "beauty",
          "price": 32.23,
          "ratings": 3,
          "delivery": "+0.99 /2 %",
          "image": "https://img.shop.com/Image/280000/287900/287957/products/1949802688.jpg?plain&size=400x400"
        },
        {
          "id": 35,
          "name": "Omniio O My! Goat Milk Pumice Soap - Made with Farm-Fresh Goat Milk - Moisturizes skin with Natural Alpha Hydroxy Acids in Goat Milk -",
          "category": "beauty",
          "price": 42.92,
          "ratings": 4,
          "delivery": "+0.99 /2 %",
          "image": "https://img.shop.com/Image/240000/248300/248358/products/1958569208.jpg?plain&size=400x400"
        },
        {
          "id": 36,
          "name": "Fast Orange Hand Cleaner Soap Bars, With Fine Pumice, 5.75 Oz, Single Bar",
          "category": "beauty",
          "price": 20.54,
          "ratings": 4,
          "delivery": "+0.99 /2 %",
          "image": "https://img.shop.com/Image/260000/262100/262191/products/1917481827.jpg?plain&size=400x400"
        },
        {
          "id": 37,
          "name": "Beauty by Earth Self Tanner Blending Body Brush",
          "category": "beauty",
          "price": 70.97,
          "ratings": 3,
          "delivery": "+0.99 /2 %",
          "image": "https://img.shop.com/Image/240000/248300/248358/products/1958587896.jpg?plain&size=400x400"
        },
        {
          "id": 38,
          "name": "Beauty by Earth Exfoliating Loofah",
          "category": "beauty",
          "price": 47.3,
          "ratings": 1,
          "delivery": "+0.99 /2 %",
          "image": "https://img.shop.com/Image/240000/248300/248358/products/1958559712.jpg?plain&size=400x400"
        },
        {
          "id": 39,
          "name": "GOJO® Original Pumice Hand Cleaner, Lemon, 4.5 Lb Cartridge, 6/carton 1135-06",
          "category": "beauty",
          "price": 142.7,
          "ratings": 4,
          "delivery": "+0.99 /2 %",
          "image": "https://img.shop.com/Image/260000/263300/263383/products/1956461621.jpg?plain&size=400x400"
        },
        {
          "id": 40,
          "name": "Gojo Natural Orange Pumice Hand Cleaner, 4 Pump Bottles (GOJ095804)",
          "category": "beauty",
          "price": 61.03,
          "ratings": 1,
          "delivery": "+0.99 /2 %",
          "image": "https://img.shop.com/Image/280000/280200/280214/products/1830169640.jpg?plain&size=400x400"
        },
        {
          "id": 41,
          "name": "Earth Therapeutics Hydro Body Sponge With Hand Strap Light Green - 1 Sponge",
          "category": "beauty",
          "price": 11.78,
          "ratings": 3,
          "delivery": "+0.99 /2 %",
          "image": "https://img.shop.com/Image/260000/262400/262457/products/1449811502.jpg?plain&size=400x400"
        },
        {
          "id": 42,
          "name": "Earth Therapeutics Hydro Body Sponge With Hand Strap Blue - 1 Sponge",
          "category": "beauty",
          "price": 7.1,
          "ratings": 2,
          "delivery": "+0.99 /2 %",
          "image": "https://img.shop.com/Image/260000/262400/262457/products/1449815411.jpg?plain&size=400x400"
        },
        {
          "id": 43,
          "name": "Earth Therapeutics Hydro Body Sponge With Hand Strap Blossom Green - 1 Sponge",
          "category": "beauty",
          "price": 9.63,
          "ratings": 3,
          "delivery": "+0.99 /2 %",
          "image": "https://img.shop.com/Image/260000/262400/262457/products/1449835094.jpg?plain&size=400x400"
        },
        {
          "id": 44,
          "name": "Earth Therapeutics Body Sponge - Rose - Case Of 1 - Count",
          "category": "beauty",
          "price": 9.93,
          "ratings": 4,
          "delivery": "+0.99 /2 %",
          "image": "https://img.shop.com/Image/260000/262400/262457/products/1760693156.jpg?plain&size=400x400"
        },
        {
          "id": 45,
          "name": "SPA ACCESSORIES by Spa Accessories BOUFFANT SHOWER CAP - LOVE for WOMEN 100% Authentic",
          "category": "beauty",
          "price": 94.88,
          "ratings": 2,
          "delivery": "+0.99 /2 %",
          "image": "https://img.shop.com/Image/280000/287900/287957/products/1938949592.jpg?plain&size=400x400"
        },
        {
          "id": 46,
          "name": "SPA ACCESSORIES by Spa Accessories BOUFFANT SHOWER CAP - LOVE for WOMEN 100% Authentic",
          "category": "beauty",
          "price": 44.55,
          "ratings": 4,
          "delivery": "+0.99 /2 %",
          "image": "https://img.shop.com/Image/280000/287900/287957/products/1938949599.jpg?plain&size=400x400"
        },
        {
          "id": 47,
          "name": "SPA ACCESSORIES by Spa Accessories BOUFFANT SHOWER CAP - LOVE for WOMEN 100% Authentic",
          "category": "beauty",
          "price": 61.88,
          "ratings": 4,
          "delivery": "+0.99 /2 %",
          "image": "https://img.shop.com/Image/280000/287900/287957/products/1938949605.jpg?plain&size=400x400"
        },
        {
          "id": 48,
          "name": "16 In. White & Blue Bath Brush Body Scrubber LF 2370 Pack of 12",
          "category": "beauty",
          "price": 48.34,
          "ratings": 1,
          "delivery": "+0.99 /2 %",
          "image": "https://img.shop.com/Image/260000/263300/263383/products/1937742235.jpg?plain&size=400x400"
        },
        {
          "id": 49,
          "name": "Omniio O My! Goat Milk Pumice Soap - Made with Farm-Fresh Goat Milk - Moisturizes skin with Natural Alpha Hydroxy Acids in Goat Milk -",
          "category": "beauty",
          "price": 80.78,
          "ratings": 3,
          "delivery": "+0.99 /2 %",
          "image": "https://img.shop.com/Image/240000/248300/248358/products/1958569203.jpg?plain&size=400x400"
        },
        {
          "id": 50,
          "name": "Earth Therapeutics Natural Sierra Pumice Stick - 1 Stick",
          "category": "beauty",
          "price": 8.28,
          "ratings": 2,
          "delivery": "+0.99 /2 %",
          "image": "https://img.shop.com/Image/260000/262400/262457/products/1760693385.jpg?plain&size=400x400"
        },
        {
          "id": 51,
          "name": "SPONGEBOB SQUAREPANTS by Nickelodeon , EDT SPRAY 3.4 OZ & BODY WASH 8 OZ",
          "category": "beauty",
          "price": 21.35,
          "ratings": 2,
          "delivery": "+0.99 /2 %",
          "image": "https://img.shop.com/Image/260000/262100/262191/products/1891725301.jpg?plain&size=400x400"
        },
        {
          "id": 52,
          "name": "Beauty by Earth Dry Body Brush (Long Handle)",
          "category": "beauty",
          "price": 78.86,
          "ratings": 2,
          "delivery": "+0.99 /2 %",
          "image": "https://img.shop.com/Image/240000/248300/248358/products/1958560421.jpg?plain&size=400x400"
        },
        {
          "id": 53,
          "name": "Earth Therapeutics Hydro Body Sponge With Hand Strap Peach - 1 Sponge",
          "category": "beauty",
          "price": 12.29,
          "ratings": 2,
          "delivery": "+0.99 /2 %",
          "image": "https://img.shop.com/Image/260000/262400/262457/products/1449837073.jpg?plain&size=400x400"
        },
        {
          "id": 54,
          "name": "DermaBrush 20428 Gentle Grapefruit Body Scrub - 6.7 fl. oz.",
          "category": "beauty",
          "price": 10.95,
          "ratings": 4,
          "delivery": "+0.99 /2 %",
          "image": "https://img.shop.com/Image/280000/281800/281821/products/1837982072.jpg?plain&size=400x400"
        },
        {
          "id": 55,
          "name": "SPA ACCESSORIES by Spa Accessories BOUFFANT SHOWER CAP - LOVE for WOMEN 100% Authentic",
          "category": "beauty",
          "price": 79.2,
          "ratings": 3,
          "delivery": "+0.99 /2 %",
          "image": "https://img.shop.com/Image/280000/287900/287957/products/1938944222.jpg?plain&size=400x400"
        },
        {
          "id": 56,
          "name": "GO-JO INDUSTRIES Natural Orange Pumice Hand Cleaner, 14 oz Bottle, 12/Case",
          "category": "beauty",
          "price": 57.92,
          "ratings": 3,
          "delivery": "+0.99 /2 %",
          "image": "https://img.shop.com/Image/240000/248300/248358/products/1958018529.jpg?plain&size=400x400"
        },
        {
          "id": 57,
          "name": "GOJO 10 Oz. Cherry Gel Pumice Hand Cleaner 2354-08",
          "category": "beauty",
          "price": 15.92,
          "ratings": 2,
          "delivery": "+0.99 /2 %",
          "image": "https://img.shop.com/Image/260000/263300/263383/products/1881854131.jpg?plain&size=400x400"
        },
        {
          "id": 58,
          "name": "Grandma's Grime Away Pumice Bar Soap 62012",
          "category": "beauty",
          "price": 12.34,
          "ratings": 1,
          "delivery": "+0.99 /2 %",
          "image": "https://img.shop.com/Image/260000/263300/263383/products/1937975123.jpg?plain&size=400x400"
        },
        {
          "id": 59,
          "name": "Buf-Puf Body Sponge - 1 ea.",
          "category": "beauty",
          "price": 6.79,
          "ratings": 3,
          "delivery": "+0.99 /2 %",
          "image": "https://img.shop.com/Image/260000/263100/263143/products/1569553213.jpg?plain&size=400x400"
        }
      ]
    },
    {
      "id": "electronics",
      "items": []
    },
    {
      "id": "books",
      "items": []
    },
    {
      "id": "fruits",
      "items": [
        {
          "name": "Apple",
          "image": "https://images.pexels.com/photos/19090/pexels-photo.jpg?cs=srgb&dl=pexels-web-donut-19090.jpg&fm=jpg",
          "price": 12,
          "delivery": "+0.99 /2 %",
          "category": "fruits",
          "ratings": 3,
          "id": 1671506457786.5837
        }
      ]
    }
  ]
}