{
  "todos": [
    {
      "value": "hello",
      "isCompleted": false,
      "id": 1
    },
    {
      "value": "",
      "isCompleted": false,
      "id": 2
    },
    {
      "value": "",
      "isCompleted": false,
      "id": 3
    },
    {
      "value": "",
      "isCompleted": false,
      "id": 4
    },
    {
      "value": "",
      "isCompleted": false,
      "id": 5
    },
    {
      "value": "",
      "isCompleted": false,
      "id": 6
    },
    {
      "value": "hellow world",
      "isCompleted": false,
      "id": 7
    }
  ]
}